{"1":[-84.00236725588465,39.44199909960136,-82.08628001674359,40.99100362361007],"2":[-85.70472453484565,37.78282274326078,-79.64910182229701,42.63308726240746],"3":[-89.19414997962801,35.38187364649151,-76.20378725145086,44.85862728687327],"4":[-94.49515820392648,31.293160927556414,-71.22612271014783,46.911870900112504],"5":[-104.05325001026539,25.80322270760381,-67.48742634693777,49.12499362811475],"6":[-111.04583727693102,25.240577297401753,-80.07648090748341,49.00002090214623],"7":[-118.86762908817005,17.977692736448333,-66.19851547731356,49.00091179646718],"8":[-168.07520090724017,21.310930912898428,-114.13828273073196,71.34023997396604],"E":[-166.38770364097363,25.129690914147808,-68.42746909380014,70.33685088991938],"undefined":[-80.83486727698984,17.977692736448333,-65.96664637092513,40.63880183693988]}